Cost Category,Description,2024 Impact on EBIT,Strategic Implications
Contribution Costs - Materials,"Per-unit material costs including commodities, components, batteries (for EVs)","Higher for Ford Model e due to battery costs; Lower for Ford Blue with improving material costs; Ford Pro competitive mix advantages","Material cost management critical; battery costs declining with BlueOval SK ramping; commodity volatility major risk"
Contribution Costs - Warranty,"Per-unit warranty expense; higher for new vehicle launches (EV platforms) and quality issues","Ford Model e higher warranty burden due to new EV platforms; increased for Ford Blue with new launches; Ford Pro lower warranty costs relative to sales","Quality operations critical; EV platforms immature; recalls and defects create operational pressure (e.g., NHTSA consent order on rearview cameras)"
Contribution Costs - Freight & Duty,"Per-unit freight and tariff costs; affected by global supply chain decisions","Inflationary pressure on logistics; tariff impacts on imports from Mexico and international operations","Global footprint creates logistics complexity; tariff uncertainty major risk (trade policy changes)"
Structural Costs - Manufacturing,"Fixed manufacturing costs: hourly/salaried labor, plant overhead (utilities, taxes), new product launch expense, shift flexibility (overtime, line-speed, shift schedules)","Ford Blue: higher for maintaining large ICE portfolio; Ford Model e: high launch costs; Ford Pro: improving as Super Duty and Transit scale","UAW labor agreements impact costs; facility utilization critical; shift to EV requires manufacturing transformation"
Structural Costs - Engineering","Fixed engineering costs: vehicle/software engineers, prototype materials, testing, outside engineering services; critical for new platforms (EVs, software)","Ford Model e: very high due to new EV platform development; Ford Pro: high for software/services integration; Ford Blue: decreasing as platforms mature","Technology talent acquisition critical (hired from Apple, Tesla); autonomous/digital initiatives require ongoing investment"
Structural Costs - Spending Related,"Depreciation & amortization of manufacturing and engineering assets, asset retirements, operating leases","Increasing as capital expenditures on EV facilities and new technologies depreciate; major for BlueOval SK ramping","Capital intensity of EV manufacturing; depreciation accelerates with technology obsolescence"
Structural Costs - Advertising & Sales,"Marketing and promotional costs including incentives, rebates, low-rate financing, stock adjustments","Ford Pro: lower per unit due to pricing power; Ford Model e: high due to competitive market/brand building; Ford Blue: stable baseline","Ford Pro's strong brand (F-150, Transit) reduces promotional need; EV market requires brand-building investment"
Structural Costs - Administrative/IT,"Salaried personnel costs for staff activities, IT services, selling functions; includes digital transformation investments","Increasing due to Ford+ digital transformation, cybersecurity investments, advanced data analytics (NHTSA consent order requirements)","IT infrastructure critical for competitive advantage; digital talent acquisition ongoing; cybersecurity investments required"
Exchange Rate Impact,"Foreign currency effects from international operations (especially Mexico, Europe, Turkey, China)","2024: +$245M benefit; Ford Otosan in Turkey inflationary pressure; Mexico tariff/currency risks ongoing","Hedging programs in place; Turkish operations inflation exposure; tariff uncertainty major risk factor"
