Supply Chain Element,Strategic Approach,Key Details,Performance & Risks,Transformation Era Context (2018-2024)
Fulfillment Supply Chain,"Dealer-based distribution; supplier partnership model; supply chain finance program for liquidity","Wholesales through dealer network; 45-day supplier payment terms; financial institutions enable suppliers to discount payables; inventory management tied to dealer demand","Resilient post-pandemic; UAW strike reduced production (2023); supply constraints (2021-2022) impacted volumes and financials; working capital management critical to EBIT","Recovered from 2020 pandemic disruption; supply chain investment part of Ford+ transformation"
Supplier Relationships,"Long-term partnerships with emphasis on strategic collaboration; Tier 1 (major component suppliers), Tier 2, Tier 3 (materials suppliers)","Multiple suppliers for most components (reduce single-source risk); strategic partners for critical areas (batteries, semiconductors); supplier audits for quality and sustainability","Strong supplier base enables manufacturing flexibility; supplier financial distress risk (chip shortage 2021-2022 demonstrated vulnerability); supplier resilience critical to Ford's competitiveness","Supplier base adapted to ICE→EV transition; new suppliers for battery and EV-specific components; existing suppliers transitioning capabilities"
Raw Material Sourcing,"Multi-year offtake agreements for lithium, cobalt, nickel and battery materials; strategic equity investments in mining/processing companies; IRA compliance focus","Long-term contracts lock in supply and manage commodity volatility; direct supplier relationships reduce intermediation; supply chain traceability for ESG compliance","Supply security improved; price risk absorbed (multi-year contracts at negotiated prices); commitment risk if EV demand lower than projected","Transition from ICE commodity focus (steel, aluminum) to battery mineral focus (lithium/cobalt); securing domestic supply critical for IRA battery credits"
Semiconductor/Chip Supply,"Outsourced; strategic diversification among multiple suppliers; strategic partnerships with key players (Bosch, Continental, others)","Managed through diversified supplier base and strategic relationships; inventory buffers for critical chips; supply chain redundancy for critical systems","Chip shortage (2021-2022) demonstrated vulnerability; Ford prioritized higher-margin products (Pro, Blue) for chip allocation; recovery through supplier expansion and inventory investment","Shift from ICE chips to EV-specific semiconductors; autonomous vehicle technology requires new chip suppliers; increased IT/software chip needs"
Battery Supply Chain,"Vertical integration through BlueOval SK 50/50 JV; planned U.S. battery plants (Tennessee, Kentucky); raw material offtake agreements; IRA compliance strategy","BlueOval SK building 2+ battery plants; lithium/cobalt/nickel offtake agreements; battery recycling initiatives emerging; domestic sourcing for IRA battery credits (starting 2025)","Massive capital investment (BlueOval SK); timeline/execution risks; battery cost per kWh declining with production ramp; critical for Model e competitiveness","Major transformation from purchased batteries (2018) to in-house production (2025+); BlueOval SK joint venture announcement in 2023; strategic response to EV market reality"
Logistics & Distribution,"Global logistics network; port capacity; rail and truck transportation; increasing nearshoring focus (Mexico, Canada USMCA); port coordination for EV battery inputs","U.S. manufacturing distributed geographically; Mexico production for North America; Europe/China regional production; tariff optimization through USMCA rules of origin; logistics cost management as operational priority","Inflation in freight (post-pandemic); tariff uncertainty (Mexico trade risk); port congestion risks managed through diversification; logistics cost part of structural budget pressures","Supply chain optimization part of Ford+ plan; Mexico manufacturing expansion for U.S. market; logistics automation and predictive models improving efficiency"
Supply Chain Finance Program,"Third-party financial institutions enable suppliers to sell payables at discount; improves supplier liquidity; Ford receives working capital benefit (extended payment terms while enabling supplier discounting)","Suppliers can optionally discount payables to financial institutions; lowers supplier financing costs vs traditional bank lending; improves cash conversion cycle for Ford","Strengthens supplier relationships during demand uncertainty; reduces supplier bankruptcy risk; improves Ford's cash position; supplier participation voluntary (incentive-based)","Introduced/expanded as part of Ford+ operational efficiency improvements; critical during 2020 pandemic and 2023 UAW strike to maintain supplier relationships"
Risk Mitigation: Dual-Sourcing,"Multiple suppliers for most components to reduce single-source dependency; geographic diversification (avoid geographic concentration)","Two or more suppliers for critical components (except where single supplier is strategic like batteries); geographic spread reduces tariff/political risk; supplier relationship management intensive","Reduces catastrophic risk from single supplier failure; increases procurement complexity and cost (less scale per supplier); supplier financial health directly impacts Ford","Implemented/reinforced after 2021-2022 supply chain disruptions; critical for managing geopolitical risks (China, Mexico, Turkey, Vietnam)"
Risk Mitigation: Inventory Management,"Safety stock for critical materials (batteries, chips); supplier inventory buffers; seasonal adjustments for demand volatility; lean inventory for cost management","Production scheduling tied to wholesale demand; 45-day payment terms create working capital challenge if demand suddenly increases; strategic inventory holds for supply-constrained components","Balances inventory carrying cost vs supply disruption risk; working capital optimization critical to EBIT; inventory reduces downside risk from supply shocks","Ford+ includes supply chain resilience as operational priority; working capital management improved through digital systems and predictive analytics"
Risk Mitigation: Geographic Diversification,"Manufacturing in multiple regions (North America, Europe, China, Mexico, Vietnam, Turkey); sourcing from multiple regions; tariff hedging through USMCA optimization","No single geographic source represents excessive concentration; Mexico USMCA access provides tariff optimization; China operations provide Asia market access; Turkey operations expose to FX risk","Reduces political/tariff risk from single country dependency; FX exposure from diverse currencies; geopolitical risks (Turkey inflation, China trade tensions, Mexico tariff risk)","Maintained and expanded through Ford+ transformation; Mexico nearshoring increased; China joint ventures continued despite tensions; Turkey operations managing inflation/FX volatility"
Structural Challenges,"Capacity utilization lower during transition period (excess ICE capacity, ramping EV capacity); labor cost inflation (UAW agreements); material cost volatility; geopolitical tariff uncertainty","ICE demand declining → capacity utilization pressure (2024: blue excess capacity with Model e lower than expected); labor cost increases per UAW (2023-2028 agreement); commodity price volatility (batteries, minerals)","Profitability pressure from underutilized capacity and labor cost growth; competitive pricing pressure in EVs reduces pricing power; cost management critical to Ford Pro profitability","Transformation timeline: 2018-2020 restructuring (closures, rightsizing); 2021-2024 EV ramp (new plants, new suppliers, learning curve); 2025+ stabilization expected as EV production matures"
